{"version": "1", "message": "ERROR: Hidden Testcases server unreachable.", "problem_id": "cspp1_m10_a1_1", "user_id": "riteshmsit", "score": {"sample": {"0": {"execution_time": 0.11707401275634766, "passed": false}, "1": {"execution_time": 0.0377047061920166, "passed": false}, "2": {"execution_time": 0.0781087875366211, "passed": false}, "3": {"execution_time": 0.17186927795410156, "passed": false}, "4": {"execution_time": 0.11603093147277832, "passed": false}, "5": {"execution_time": 0.07811117172241211, "passed": false}, "6": {"execution_time": 0.11995196342468262, "passed": false}, "7": {"execution_time": 0.07392573356628418, "passed": false}, "8": {"execution_time": 0.07580280303955078, "passed": false}, "9": {"execution_time": 0.15124964714050293, "passed": false}, "10": {"execution_time": 0.23717522621154785, "passed": false}, "11": {"execution_time": 0.057077884674072266, "passed": false}, "12": {"execution_time": 0.14241337776184082, "passed": false}, "13": {"execution_time": 0.12637805938720703, "passed": false}, "14": {"execution_time": 0.4001655578613281, "passed": false}, "15": {"execution_time": 0.09381651878356934, "passed": false}, "16": {"execution_time": 0.09689784049987793, "passed": false}, "17": {"execution_time": 0.0790245532989502, "passed": false}, "18": {"execution_time": 0.1702132225036621, "passed": false}, "19": {"execution_time": 0.2382514476776123, "passed": false}, "20": {"execution_time": 0.4795973300933838, "passed": false}, "21": {"execution_time": 0.13037395477294922, "passed": false}, "22": {"execution_time": 0.03478527069091797, "passed": false}, "23": {"execution_time": 0.07807016372680664, "passed": false}, "24": {"execution_time": 0.07036590576171875, "passed": false}}}, "pylint_score": "-1/10"}