{"version": "1", "message": "ERROR: Hidden Testcases server unreachable.", "problem_id": "cspp1_m10_a1_1", "user_id": "riteshmsit", "score": {"sample": {"0": {"execution_time": 0.15586304664611816, "passed": false}, "1": {"execution_time": 0.046903133392333984, "passed": false}, "2": {"execution_time": 0.09372663497924805, "passed": false}, "3": {"execution_time": 0.04682755470275879, "passed": false}, "4": {"execution_time": 0.07547998428344727, "passed": false}, "5": {"execution_time": 0.05345964431762695, "passed": false}, "6": {"execution_time": 0.04686450958251953, "passed": false}, "7": {"execution_time": 0.04686570167541504, "passed": false}, "8": {"execution_time": 0.0312802791595459, "passed": false}, "9": {"execution_time": 0.06244683265686035, "passed": false}, "10": {"execution_time": 0.04689979553222656, "passed": false}, "11": {"execution_time": 0.06244778633117676, "passed": false}, "12": {"execution_time": 0.07180476188659668, "passed": false}, "13": {"execution_time": 0.04710555076599121, "passed": false}, "14": {"execution_time": 0.04686450958251953, "passed": false}, "15": {"execution_time": 0.0529172420501709, "passed": false}, "16": {"execution_time": 0.046827077865600586, "passed": false}, "17": {"execution_time": 0.0624849796295166, "passed": false}, "18": {"execution_time": 0.04686474800109863, "passed": false}, "19": {"execution_time": 0.046900033950805664, "passed": false}, "20": {"execution_time": 0.06245541572570801, "passed": false}, "21": {"execution_time": 0.07810044288635254, "passed": false}, "22": {"execution_time": 0.04573988914489746, "passed": false}, "23": {"execution_time": 0.04106736183166504, "passed": false}, "24": {"execution_time": 0.09560060501098633, "passed": false}}}, "pylint_score": "3/10"}