{"version": "1", "message": "ERROR: Hidden Testcases server unreachable.", "problem_id": "cspp1_m10_a1_1", "user_id": "riteshmsit", "score": {"sample": {"0": {"execution_time": 0.10934782028198242, "passed": false}, "1": {"execution_time": 0.04690289497375488, "passed": false}, "2": {"execution_time": 0.06248283386230469, "passed": false}, "3": {"execution_time": 0.06248903274536133, "passed": false}, "4": {"execution_time": 0.14060306549072266, "passed": false}, "5": {"execution_time": 0.17182087898254395, "passed": false}, "6": {"execution_time": 0.12047171592712402, "passed": false}, "7": {"execution_time": 0.15620923042297363, "passed": false}, "8": {"execution_time": 0.1717991828918457, "passed": false}, "9": {"execution_time": 0.14062809944152832, "passed": false}, "10": {"execution_time": 0.09372830390930176, "passed": false}, "11": {"execution_time": 0.0468297004699707, "passed": false}, "12": {"execution_time": 0.062485456466674805, "passed": false}, "13": {"execution_time": 0.06252503395080566, "passed": false}, "14": {"execution_time": 0.04686284065246582, "passed": false}, "15": {"execution_time": 0.062447309494018555, "passed": false}, "16": {"execution_time": 0.38842105865478516, "passed": false}, "17": {"execution_time": 0.12496590614318848, "passed": true}, "18": {"execution_time": 0.06245112419128418, "passed": false}, "19": {"execution_time": 0.046900033950805664, "passed": false}, "20": {"execution_time": 0.046878814697265625, "passed": true}, "21": {"execution_time": 0.03127431869506836, "passed": false}, "22": {"execution_time": 0.046869754791259766, "passed": false}, "23": {"execution_time": 0.06247878074645996, "passed": false}, "24": {"execution_time": 0.06249237060546875, "passed": false}}}, "pylint_score": "0/10"}