{"version": "1", "message": "ERROR: Hidden Testcases server unreachable.", "problem_id": "cspp1_m10_a1_1", "user_id": "riteshmsit", "score": {"sample": {"0": {"execution_time": 0.10931658744812012, "passed": false}, "1": {"execution_time": 0.06601643562316895, "passed": false}, "2": {"execution_time": 0.048992156982421875, "passed": false}, "3": {"execution_time": 0.1093454360961914, "passed": false}, "4": {"execution_time": 0.06248974800109863, "passed": false}, "5": {"execution_time": 0.1093435287475586, "passed": false}, "6": {"execution_time": 0.09369564056396484, "passed": false}, "7": {"execution_time": 0.04688429832458496, "passed": false}, "8": {"execution_time": 0.046880245208740234, "passed": false}, "9": {"execution_time": 0.07807111740112305, "passed": false}, "10": {"execution_time": 0.062482595443725586, "passed": false}, "11": {"execution_time": 0.07814621925354004, "passed": false}, "12": {"execution_time": 0.031239986419677734, "passed": false}, "13": {"execution_time": 0.07807159423828125, "passed": false}, "14": {"execution_time": 0.062485456466674805, "passed": false}, "15": {"execution_time": 0.06252264976501465, "passed": false}, "16": {"execution_time": 0.04250502586364746, "passed": true}, "17": {"execution_time": 0.14060473442077637, "passed": true}, "18": {"execution_time": 0.06251239776611328, "passed": true}, "19": {"execution_time": 0.062494516372680664, "passed": false}, "20": {"execution_time": 0.04681515693664551, "passed": true}, "21": {"execution_time": 0.04686379432678223, "passed": false}, "22": {"execution_time": 0.12500524520874023, "passed": false}, "23": {"execution_time": 0.06249809265136719, "passed": false}, "24": {"execution_time": 0.07809877395629883, "passed": false}}}, "pylint_score": "5/10"}