{"version": "1", "message": "ERROR: Hidden Testcases server unreachable.", "problem_id": "cspp1_m10_a1_1", "user_id": "riteshmsit", "score": {"sample": {"0": {"execution_time": 0.17182421684265137, "passed": false}, "1": {"execution_time": 0.06250691413879395, "passed": false}, "2": {"execution_time": 0.04907941818237305, "passed": false}, "3": {"execution_time": 0.046892404556274414, "passed": false}, "4": {"execution_time": 0.04687190055847168, "passed": false}, "5": {"execution_time": 0.06244516372680664, "passed": false}, "6": {"execution_time": 0.04686307907104492, "passed": false}, "7": {"execution_time": 0.5435361862182617, "passed": false}, "8": {"execution_time": 0.20304250717163086, "passed": false}, "9": {"execution_time": 0.1874537467956543, "passed": false}, "10": {"execution_time": 0.17183446884155273, "passed": false}, "11": {"execution_time": 0.03124213218688965, "passed": false}, "12": {"execution_time": 0.0781087875366211, "passed": false}, "13": {"execution_time": 0.06253695487976074, "passed": false}, "14": {"execution_time": 0.04681110382080078, "passed": false}, "15": {"execution_time": 0.04686331748962402, "passed": false}, "16": {"execution_time": 0.046904802322387695, "passed": false}, "17": {"execution_time": 0.046862125396728516, "passed": true}, "18": {"execution_time": 0.04682636260986328, "passed": false}, "19": {"execution_time": 0.09376645088195801, "passed": false}, "20": {"execution_time": 0.20303845405578613, "passed": true}, "21": {"execution_time": 0.2499840259552002, "passed": false}, "22": {"execution_time": 0.3033933639526367, "passed": false}, "23": {"execution_time": 0.1874542236328125, "passed": false}, "24": {"execution_time": 0.20308661460876465, "passed": false}}}, "pylint_score": "0/10"}