{"version": "1", "message": "ERROR: Hidden Testcases server unreachable.", "problem_id": "cspp1_m10_a1_1", "user_id": "riteshmsit", "score": {"sample": {"0": {"execution_time": 0.14061713218688965, "passed": false}, "1": {"execution_time": 0.07808470726013184, "passed": false}, "2": {"execution_time": 0.09375691413879395, "passed": false}, "3": {"execution_time": 0.0468289852142334, "passed": false}, "4": {"execution_time": 0.06248736381530762, "passed": false}, "5": {"execution_time": 0.0468745231628418, "passed": false}, "6": {"execution_time": 0.04685258865356445, "passed": false}, "7": {"execution_time": 0.06252479553222656, "passed": false}, "8": {"execution_time": 0.0769503116607666, "passed": false}, "9": {"execution_time": 0.08742713928222656, "passed": false}, "10": {"execution_time": 0.04680204391479492, "passed": false}, "11": {"execution_time": 0.06252932548522949, "passed": false}, "12": {"execution_time": 0.0468592643737793, "passed": false}, "13": {"execution_time": 0.09372091293334961, "passed": false}, "14": {"execution_time": 0.10932278633117676, "passed": false}, "15": {"execution_time": 0.09375715255737305, "passed": false}, "16": {"execution_time": 0.15621471405029297, "passed": false}, "17": {"execution_time": 0.14055633544921875, "passed": false}, "18": {"execution_time": 0.1405928134918213, "passed": false}, "19": {"execution_time": 0.10937905311584473, "passed": false}, "20": {"execution_time": 0.09369587898254395, "passed": false}, "21": {"execution_time": 0.046900272369384766, "passed": false}, "22": {"execution_time": 0.046829938888549805, "passed": false}, "23": {"execution_time": 0.06252408027648926, "passed": false}, "24": {"execution_time": 0.07810282707214355, "passed": false}}}, "pylint_score": "0/0"}