{"version": "1", "message": "ERROR: Hidden Testcases server unreachable.", "problem_id": "cspp1_m10_a1_1", "user_id": "riteshmsit", "score": {"sample": {"0": {"execution_time": 0.1406252384185791, "passed": false}, "1": {"execution_time": 0.04687190055847168, "passed": false}, "2": {"execution_time": 0.09368515014648438, "passed": false}, "3": {"execution_time": 0.2187328338623047, "passed": false}, "4": {"execution_time": 0.26763367652893066, "passed": false}, "5": {"execution_time": 0.15621495246887207, "passed": false}, "6": {"execution_time": 0.07813835144042969, "passed": false}, "7": {"execution_time": 0.10935664176940918, "passed": false}, "8": {"execution_time": 0.06248331069946289, "passed": false}, "9": {"execution_time": 0.04686331748962402, "passed": false}, "10": {"execution_time": 0.07811164855957031, "passed": false}, "11": {"execution_time": 0.09371757507324219, "passed": false}, "12": {"execution_time": 0.04686903953552246, "passed": false}, "13": {"execution_time": 0.06248664855957031, "passed": false}, "14": {"execution_time": 0.12332940101623535, "passed": false}, "15": {"execution_time": 0.1263411045074463, "passed": false}, "16": {"execution_time": 0.0624849796295166, "passed": false}, "17": {"execution_time": 0.04686546325683594, "passed": false}, "18": {"execution_time": 0.062485694885253906, "passed": false}, "19": {"execution_time": 0.04689955711364746, "passed": false}, "20": {"execution_time": 0.0781099796295166, "passed": false}, "21": {"execution_time": 0.0936887264251709, "passed": false}, "22": {"execution_time": 0.07810711860656738, "passed": false}, "23": {"execution_time": 0.046900033950805664, "passed": false}, "24": {"execution_time": 0.07811212539672852, "passed": false}}}, "pylint_score": "0/0"}