{"version": "1", "message": "ERROR: Hidden Testcases server unreachable.", "problem_id": "cspp1_m10_a1_1", "user_id": "riteshmsit", "score": {"sample": {"0": {"execution_time": 0.10964512825012207, "passed": false}, "1": {"execution_time": 0.04686474800109863, "passed": false}, "2": {"execution_time": 0.06252408027648926, "passed": false}, "3": {"execution_time": 0.046865224838256836, "passed": false}, "4": {"execution_time": 0.10937738418579102, "passed": false}, "5": {"execution_time": 0.09369635581970215, "passed": false}, "6": {"execution_time": 0.06252431869506836, "passed": false}, "7": {"execution_time": 0.0779120922088623, "passed": false}, "8": {"execution_time": 0.046900272369384766, "passed": false}, "9": {"execution_time": 0.062447547912597656, "passed": false}, "10": {"execution_time": 0.05183148384094238, "passed": false}, "11": {"execution_time": 0.06282567977905273, "passed": false}, "12": {"execution_time": 0.10085201263427734, "passed": false}, "13": {"execution_time": 0.07814741134643555, "passed": false}, "14": {"execution_time": 0.06995010375976562, "passed": false}, "15": {"execution_time": 0.09009194374084473, "passed": false}, "16": {"execution_time": 0.04686284065246582, "passed": false}, "17": {"execution_time": 0.07813882827758789, "passed": false}, "18": {"execution_time": 0.07808470726013184, "passed": false}, "19": {"execution_time": 0.05610394477844238, "passed": false}, "20": {"execution_time": 0.04686474800109863, "passed": false}, "21": {"execution_time": 0.09372448921203613, "passed": false}, "22": {"execution_time": 0.037944793701171875, "passed": false}, "23": {"execution_time": 0.0624849796295166, "passed": false}, "24": {"execution_time": 0.1562185287475586, "passed": false}}}, "pylint_score": "-1/10"}