{"version": "1", "message": "ERROR: Hidden Testcases server unreachable.", "problem_id": "cspp1_m10_a1_1", "user_id": "riteshmsit", "score": {"sample": {"0": {"execution_time": 0.10639357566833496, "passed": false}, "1": {"execution_time": 0.04686379432678223, "passed": false}, "2": {"execution_time": 0.09369444847106934, "passed": false}, "3": {"execution_time": 0.0468602180480957, "passed": false}, "4": {"execution_time": 0.06249690055847168, "passed": false}, "5": {"execution_time": 0.2818758487701416, "passed": false}, "6": {"execution_time": 0.1643664836883545, "passed": false}, "7": {"execution_time": 0.04887104034423828, "passed": false}, "8": {"execution_time": 0.045561790466308594, "passed": false}, "9": {"execution_time": 0.10175633430480957, "passed": false}, "10": {"execution_time": 0.10610055923461914, "passed": false}, "11": {"execution_time": 0.07814478874206543, "passed": false}, "12": {"execution_time": 0.04686284065246582, "passed": false}, "13": {"execution_time": 0.0781099796295166, "passed": false}, "14": {"execution_time": 0.10930681228637695, "passed": false}, "15": {"execution_time": 0.12501096725463867, "passed": false}, "16": {"execution_time": 0.09373331069946289, "passed": false}, "17": {"execution_time": 0.09383201599121094, "passed": false}, "18": {"execution_time": 0.10270905494689941, "passed": false}, "19": {"execution_time": 0.07273387908935547, "passed": false}, "20": {"execution_time": 0.05366206169128418, "passed": false}, "21": {"execution_time": 0.05118227005004883, "passed": false}, "22": {"execution_time": 0.07605123519897461, "passed": false}, "23": {"execution_time": 0.062485456466674805, "passed": false}, "24": {"execution_time": 0.06248807907104492, "passed": false}}}, "pylint_score": "0/0"}