{"version": "1", "message": "ERROR: Hidden Testcases server unreachable.", "problem_id": "cspp1_m10_a1_1", "user_id": "riteshmsit", "score": {"sample": {"0": {"execution_time": 0.14059233665466309, "passed": false}, "1": {"execution_time": 0.1093904972076416, "passed": false}, "2": {"execution_time": 0.06244349479675293, "passed": false}, "3": {"execution_time": 0.07810616493225098, "passed": false}, "4": {"execution_time": 0.04686784744262695, "passed": false}, "5": {"execution_time": 0.06248140335083008, "passed": false}, "6": {"execution_time": 0.04686403274536133, "passed": false}, "7": {"execution_time": 0.09376287460327148, "passed": false}, "8": {"execution_time": 0.07807540893554688, "passed": false}, "9": {"execution_time": 0.0468599796295166, "passed": false}, "10": {"execution_time": 0.09376096725463867, "passed": false}, "11": {"execution_time": 0.12496471405029297, "passed": false}, "12": {"execution_time": 0.14060306549072266, "passed": false}, "13": {"execution_time": 0.06245994567871094, "passed": false}, "14": {"execution_time": 0.07841205596923828, "passed": false}, "15": {"execution_time": 0.09373760223388672, "passed": false}, "16": {"execution_time": 0.07810139656066895, "passed": false}, "17": {"execution_time": 0.04685783386230469, "passed": true}, "18": {"execution_time": 0.06252527236938477, "passed": false}, "19": {"execution_time": 0.062447547912597656, "passed": false}, "20": {"execution_time": 0.04686784744262695, "passed": true}, "21": {"execution_time": 0.06251907348632812, "passed": false}, "22": {"execution_time": 0.04686331748962402, "passed": false}, "23": {"execution_time": 0.09369540214538574, "passed": false}, "24": {"execution_time": 0.04686164855957031, "passed": false}}}, "pylint_score": "0/10"}