{"version": "1", "message": "ERROR: Hidden Testcases server unreachable.", "problem_id": "cspp1_m10_a1_1", "user_id": "riteshmsit", "score": {"sample": {"0": {"execution_time": 0.9385237693786621, "passed": false}, "1": {"execution_time": 0.12365460395812988, "passed": true}, "2": {"execution_time": 0.11920547485351562, "passed": true}, "3": {"execution_time": 0.10450530052185059, "passed": true}, "4": {"execution_time": 0.11057424545288086, "passed": true}, "5": {"execution_time": 0.10587024688720703, "passed": false}, "6": {"execution_time": 0.10976123809814453, "passed": true}, "7": {"execution_time": 0.09332752227783203, "passed": true}, "8": {"execution_time": 0.10784506797790527, "passed": true}, "9": {"execution_time": 0.0946509838104248, "passed": false}, "10": {"execution_time": 0.05943131446838379, "passed": true}, "11": {"execution_time": 0.1183013916015625, "passed": true}, "12": {"execution_time": 0.11011433601379395, "passed": true}, "13": {"execution_time": 0.08163189888000488, "passed": false}, "14": {"execution_time": 0.09551358222961426, "passed": false}, "15": {"execution_time": 0.09982514381408691, "passed": false}, "16": {"execution_time": 0.10831117630004883, "passed": false}, "17": {"execution_time": 0.1477358341217041, "passed": false}, "18": {"execution_time": 0.10853004455566406, "passed": false}, "19": {"execution_time": 0.11717963218688965, "passed": false}, "20": {"execution_time": 0.10804557800292969, "passed": false}, "21": {"execution_time": 0.06548380851745605, "passed": false}, "22": {"execution_time": 0.09576725959777832, "passed": false}, "23": {"execution_time": 0.11875104904174805, "passed": false}, "24": {"execution_time": 0.10901427268981934, "passed": false}}}, "pylint_score": "6/10"}