{"version": "1", "message": "ERROR: Hidden Testcases server unreachable.", "problem_id": "cspp1_m10_a1_1", "user_id": "riteshmsit", "score": {"sample": {"0": {"execution_time": 0.20641756057739258, "passed": false}, "1": {"execution_time": 0.0780646800994873, "passed": false}, "2": {"execution_time": 0.05485343933105469, "passed": false}, "3": {"execution_time": 0.07812380790710449, "passed": false}, "4": {"execution_time": 0.04689979553222656, "passed": false}, "5": {"execution_time": 0.062447309494018555, "passed": false}, "6": {"execution_time": 0.07811808586120605, "passed": false}, "7": {"execution_time": 0.0468900203704834, "passed": false}, "8": {"execution_time": 0.062482595443725586, "passed": false}, "9": {"execution_time": 0.10935115814208984, "passed": false}, "10": {"execution_time": 0.1268761157989502, "passed": false}, "11": {"execution_time": 0.06248068809509277, "passed": false}, "12": {"execution_time": 0.07808160781860352, "passed": false}, "13": {"execution_time": 0.07685470581054688, "passed": false}, "14": {"execution_time": 0.046868324279785156, "passed": false}, "15": {"execution_time": 0.07816195487976074, "passed": false}, "16": {"execution_time": 0.06323814392089844, "passed": false}, "17": {"execution_time": 0.04503154754638672, "passed": false}, "18": {"execution_time": 0.06277203559875488, "passed": false}, "19": {"execution_time": 0.06252551078796387, "passed": false}, "20": {"execution_time": 0.046860456466674805, "passed": false}, "21": {"execution_time": 0.0781095027923584, "passed": false}, "22": {"execution_time": 0.06244349479675293, "passed": false}, "23": {"execution_time": 0.10939383506774902, "passed": false}, "24": {"execution_time": 0.10978460311889648, "passed": false}}}, "pylint_score": "-1/10"}