{"version": "1", "message": "ERROR: Hidden Testcases server unreachable.", "problem_id": "cspp1_m10_a1_1", "user_id": "riteshmsit", "score": {"sample": {"0": {"execution_time": 0.10890626907348633, "passed": false}, "1": {"execution_time": 0.059770822525024414, "passed": false}, "2": {"execution_time": 0.03127741813659668, "passed": false}, "3": {"execution_time": 0.04689288139343262, "passed": false}, "4": {"execution_time": 0.06245994567871094, "passed": false}, "5": {"execution_time": 0.04686331748962402, "passed": false}, "6": {"execution_time": 0.046900033950805664, "passed": false}, "7": {"execution_time": 0.06248044967651367, "passed": false}, "8": {"execution_time": 0.04680752754211426, "passed": false}, "9": {"execution_time": 0.04686117172241211, "passed": false}, "10": {"execution_time": 0.046903133392333984, "passed": false}, "11": {"execution_time": 0.04686403274536133, "passed": false}, "12": {"execution_time": 0.0468289852142334, "passed": false}, "13": {"execution_time": 0.062484025955200195, "passed": false}, "14": {"execution_time": 0.046900272369384766, "passed": false}, "15": {"execution_time": 0.06244850158691406, "passed": false}, "16": {"execution_time": 0.06252312660217285, "passed": false}, "17": {"execution_time": 0.046823978424072266, "passed": false}, "18": {"execution_time": 0.04690194129943848, "passed": false}, "19": {"execution_time": 0.06244826316833496, "passed": false}, "20": {"execution_time": 0.03131389617919922, "passed": false}, "21": {"execution_time": 0.06252527236938477, "passed": false}, "22": {"execution_time": 0.04686403274536133, "passed": false}, "23": {"execution_time": 0.06247997283935547, "passed": false}, "24": {"execution_time": 0.04683184623718262, "passed": false}}}, "pylint_score": "0/0"}