{"version": "1", "message": "ERROR: Hidden Testcases server unreachable.", "problem_id": "cspp1_m10_a1_1", "user_id": "riteshmsit", "score": {"sample": {"0": {"execution_time": 0.155775785446167, "passed": false}, "1": {"execution_time": 0.29680323600769043, "passed": false}, "2": {"execution_time": 0.04686117172241211, "passed": false}, "3": {"execution_time": 0.05690455436706543, "passed": false}, "4": {"execution_time": 0.04686617851257324, "passed": false}, "5": {"execution_time": 0.04686379432678223, "passed": false}, "6": {"execution_time": 0.04686164855957031, "passed": false}, "7": {"execution_time": 0.046903371810913086, "passed": false}, "8": {"execution_time": 0.04686427116394043, "passed": false}, "9": {"execution_time": 0.06248831748962402, "passed": false}, "10": {"execution_time": 0.04682564735412598, "passed": false}, "11": {"execution_time": 0.10938000679016113, "passed": false}, "12": {"execution_time": 0.04686617851257324, "passed": false}, "13": {"execution_time": 0.09369921684265137, "passed": false}, "14": {"execution_time": 0.06247711181640625, "passed": false}, "15": {"execution_time": 0.04690361022949219, "passed": false}, "16": {"execution_time": 0.046860456466674805, "passed": false}, "17": {"execution_time": 0.046829938888549805, "passed": true}, "18": {"execution_time": 0.0624849796295166, "passed": false}, "19": {"execution_time": 0.07814335823059082, "passed": false}, "20": {"execution_time": 0.13113927841186523, "passed": true}, "21": {"execution_time": 0.04686427116394043, "passed": false}, "22": {"execution_time": 0.07806754112243652, "passed": false}, "23": {"execution_time": 0.06252527236938477, "passed": false}, "24": {"execution_time": 0.07807040214538574, "passed": false}}}, "pylint_score": "5/10"}