{"version": "1", "message": "ERROR: Hidden Testcases server unreachable.", "problem_id": "cspp1_m10_a1_1", "user_id": "riteshmsit", "score": {"sample": {"0": {"execution_time": 0.07810282707214355, "passed": false}, "1": {"execution_time": 0.04690194129943848, "passed": false}, "2": {"execution_time": 0.06248140335083008, "passed": false}, "3": {"execution_time": 0.046874284744262695, "passed": false}, "4": {"execution_time": 0.057633399963378906, "passed": false}, "5": {"execution_time": 0.03601360321044922, "passed": false}, "6": {"execution_time": 0.04686737060546875, "passed": false}, "7": {"execution_time": 0.0937199592590332, "passed": false}, "8": {"execution_time": 0.07810759544372559, "passed": false}, "9": {"execution_time": 0.09369230270385742, "passed": false}, "10": {"execution_time": 0.07816195487976074, "passed": false}, "11": {"execution_time": 0.060352325439453125, "passed": false}, "12": {"execution_time": 0.03319382667541504, "passed": false}, "13": {"execution_time": 0.0468289852142334, "passed": false}, "14": {"execution_time": 0.07815313339233398, "passed": false}, "15": {"execution_time": 0.031247854232788086, "passed": false}, "16": {"execution_time": 0.10172891616821289, "passed": false}, "17": {"execution_time": 0.04690289497375488, "passed": true}, "18": {"execution_time": 0.07810664176940918, "passed": false}, "19": {"execution_time": 0.1193547248840332, "passed": false}, "20": {"execution_time": 0.07813882827758789, "passed": true}, "21": {"execution_time": 0.0468297004699707, "passed": false}, "22": {"execution_time": 0.04690194129943848, "passed": false}, "23": {"execution_time": 0.06248664855957031, "passed": false}, "24": {"execution_time": 0.10934209823608398, "passed": false}}}, "pylint_score": "3/10"}