{"version": "1", "message": "ERROR: Hidden Testcases server unreachable.", "problem_id": "cspp1_m10_a1_1", "user_id": "riteshmsit", "score": {"sample": {"0": {"execution_time": 0.2006065845489502, "passed": true}, "1": {"execution_time": 0.03558230400085449, "passed": true}, "2": {"execution_time": 0.035970211029052734, "passed": true}, "3": {"execution_time": 0.03513908386230469, "passed": false}, "4": {"execution_time": 0.03362250328063965, "passed": true}, "5": {"execution_time": 0.07277345657348633, "passed": false}, "6": {"execution_time": 0.03720974922180176, "passed": true}, "7": {"execution_time": 0.062348127365112305, "passed": false}, "8": {"execution_time": 0.0616915225982666, "passed": false}, "9": {"execution_time": 0.0949850082397461, "passed": false}, "10": {"execution_time": 0.05114388465881348, "passed": true}, "11": {"execution_time": 0.042357444763183594, "passed": true}, "12": {"execution_time": 0.09969758987426758, "passed": false}, "13": {"execution_time": 0.056166887283325195, "passed": false}, "14": {"execution_time": 0.03497147560119629, "passed": false}, "15": {"execution_time": 0.08189153671264648, "passed": false}, "16": {"execution_time": 0.05170893669128418, "passed": false}, "17": {"execution_time": 0.05919241905212402, "passed": true}, "18": {"execution_time": 0.03649783134460449, "passed": false}, "19": {"execution_time": 0.04021191596984863, "passed": false}, "20": {"execution_time": 0.07360434532165527, "passed": true}, "21": {"execution_time": 0.03682756423950195, "passed": false}, "22": {"execution_time": 0.0903468132019043, "passed": false}, "23": {"execution_time": 0.06615376472473145, "passed": false}, "24": {"execution_time": 0.039427995681762695, "passed": false}}}, "pylint_score": "0/10"}