{"version": "1", "message": "ERROR: Hidden Testcases server unreachable.", "problem_id": "cspp1_m10_a1_1", "user_id": "riteshmsit", "score": {"sample": {"0": {"execution_time": 0.18746018409729004, "passed": false}, "1": {"execution_time": 0.06244254112243652, "passed": false}, "2": {"execution_time": 0.05641579627990723, "passed": false}, "3": {"execution_time": 0.06482672691345215, "passed": false}, "4": {"execution_time": 0.04361748695373535, "passed": false}, "5": {"execution_time": 0.3078498840332031, "passed": false}, "6": {"execution_time": 0.2072596549987793, "passed": false}, "7": {"execution_time": 0.31246161460876465, "passed": false}, "8": {"execution_time": 0.22060680389404297, "passed": false}, "9": {"execution_time": 0.25896358489990234, "passed": false}, "10": {"execution_time": 0.2532994747161865, "passed": false}, "11": {"execution_time": 0.06244468688964844, "passed": false}, "12": {"execution_time": 0.04686379432678223, "passed": false}, "13": {"execution_time": 0.06251978874206543, "passed": false}, "14": {"execution_time": 0.04683041572570801, "passed": false}, "15": {"execution_time": 0.06248593330383301, "passed": false}, "16": {"execution_time": 0.07807493209838867, "passed": false}, "17": {"execution_time": 0.057817935943603516, "passed": false}, "18": {"execution_time": 0.05262589454650879, "passed": false}, "19": {"execution_time": 0.11810660362243652, "passed": false}, "20": {"execution_time": 0.05071616172790527, "passed": false}, "21": {"execution_time": 0.05198550224304199, "passed": false}, "22": {"execution_time": 0.04687047004699707, "passed": false}, "23": {"execution_time": 0.07806205749511719, "passed": false}, "24": {"execution_time": 0.04690217971801758, "passed": false}}}, "pylint_score": "0/0"}