{"version": "1", "message": "ERROR: Hidden Testcases server unreachable.", "problem_id": "cspp1_m10_a1_1", "user_id": "riteshmsit", "score": {"sample": {"0": {"execution_time": 0.10927534103393555, "passed": false}, "1": {"execution_time": 0.10931110382080078, "passed": false}, "2": {"execution_time": 0.06248331069946289, "passed": false}, "3": {"execution_time": 0.04690194129943848, "passed": false}, "4": {"execution_time": 0.06244802474975586, "passed": false}, "5": {"execution_time": 0.06259727478027344, "passed": false}, "6": {"execution_time": 0.04686713218688965, "passed": false}, "7": {"execution_time": 0.048996686935424805, "passed": false}, "8": {"execution_time": 0.10184478759765625, "passed": false}, "9": {"execution_time": 0.07997393608093262, "passed": false}, "10": {"execution_time": 0.12503433227539062, "passed": false}, "11": {"execution_time": 0.0646660327911377, "passed": false}, "12": {"execution_time": 0.046903133392333984, "passed": false}, "13": {"execution_time": 0.10934138298034668, "passed": false}, "14": {"execution_time": 0.07808518409729004, "passed": false}, "15": {"execution_time": 0.0625457763671875, "passed": false}, "16": {"execution_time": 0.07803606986999512, "passed": false}, "17": {"execution_time": 0.04690098762512207, "passed": true}, "18": {"execution_time": 0.06244850158691406, "passed": false}, "19": {"execution_time": 0.06292581558227539, "passed": false}, "20": {"execution_time": 0.06373858451843262, "passed": true}, "21": {"execution_time": 0.04686427116394043, "passed": false}, "22": {"execution_time": 0.05852627754211426, "passed": false}, "23": {"execution_time": 0.0431978702545166, "passed": false}, "24": {"execution_time": 0.10294985771179199, "passed": false}}}, "pylint_score": "0/10"}