{"version": "1", "message": "ERROR: Hidden Testcases server unreachable.", "problem_id": "cspp1_m10_a1_1", "user_id": "riteshmsit", "score": {"sample": {"0": {"execution_time": 0.39057493209838867, "passed": false}, "1": {"execution_time": 0.12368440628051758, "passed": false}, "2": {"execution_time": 0.06326770782470703, "passed": false}, "3": {"execution_time": 0.06248784065246582, "passed": false}, "4": {"execution_time": 0.0625157356262207, "passed": false}, "5": {"execution_time": 0.056529998779296875, "passed": false}, "6": {"execution_time": 0.07810425758361816, "passed": false}, "7": {"execution_time": 0.0624849796295166, "passed": false}, "8": {"execution_time": 0.06248593330383301, "passed": false}, "9": {"execution_time": 0.06857728958129883, "passed": false}, "10": {"execution_time": 0.04686403274536133, "passed": false}, "11": {"execution_time": 0.07811999320983887, "passed": false}, "12": {"execution_time": 0.05889487266540527, "passed": false}, "13": {"execution_time": 0.09372973442077637, "passed": false}, "14": {"execution_time": 0.10934782028198242, "passed": false}, "15": {"execution_time": 0.046895503997802734, "passed": false}, "16": {"execution_time": 0.08182597160339355, "passed": false}, "17": {"execution_time": 0.0674753189086914, "passed": false}, "18": {"execution_time": 0.07807612419128418, "passed": false}, "19": {"execution_time": 0.06316709518432617, "passed": false}, "20": {"execution_time": 0.12493228912353516, "passed": false}, "21": {"execution_time": 0.046905517578125, "passed": false}, "22": {"execution_time": 0.06244349479675293, "passed": false}, "23": {"execution_time": 0.08948850631713867, "passed": false}, "24": {"execution_time": 0.06252646446228027, "passed": false}}}, "pylint_score": "3/10"}