{"version": "1", "message": "ERROR: Hidden Testcases server unreachable.", "problem_id": "cspp1_m10_a1_1", "user_id": "riteshmsit", "score": {"sample": {"0": {"execution_time": 0.2830374240875244, "passed": false}, "1": {"execution_time": 0.04683494567871094, "passed": false}, "2": {"execution_time": 0.04286932945251465, "passed": false}, "3": {"execution_time": 0.04412698745727539, "passed": false}, "4": {"execution_time": 0.06371140480041504, "passed": false}, "5": {"execution_time": 0.09514141082763672, "passed": false}, "6": {"execution_time": 0.04555964469909668, "passed": false}, "7": {"execution_time": 0.07977008819580078, "passed": false}, "8": {"execution_time": 0.3908684253692627, "passed": false}, "9": {"execution_time": 0.06574058532714844, "passed": false}, "10": {"execution_time": 0.07529878616333008, "passed": false}, "11": {"execution_time": 0.04183363914489746, "passed": false}, "12": {"execution_time": 0.11007523536682129, "passed": false}, "13": {"execution_time": 0.043431758880615234, "passed": false}, "14": {"execution_time": 0.08330059051513672, "passed": false}, "15": {"execution_time": 0.1233975887298584, "passed": false}, "16": {"execution_time": 0.09975671768188477, "passed": false}, "17": {"execution_time": 0.04869961738586426, "passed": false}, "18": {"execution_time": 0.05389595031738281, "passed": false}, "19": {"execution_time": 0.05355525016784668, "passed": false}, "20": {"execution_time": 0.11452126502990723, "passed": false}, "21": {"execution_time": 0.08025836944580078, "passed": false}, "22": {"execution_time": 0.05573868751525879, "passed": false}, "23": {"execution_time": 0.054200172424316406, "passed": false}, "24": {"execution_time": 0.13428211212158203, "passed": false}}}, "pylint_score": "0/0"}