{"version": "1", "message": "ERROR: Hidden Testcases server unreachable.", "problem_id": "cspp1_m10_a1_1", "user_id": "riteshmsit", "score": {"sample": {"0": {"execution_time": 0.14853715896606445, "passed": false}, "1": {"execution_time": 0.0785362720489502, "passed": false}, "2": {"execution_time": 0.05983686447143555, "passed": false}, "3": {"execution_time": 0.05485343933105469, "passed": false}, "4": {"execution_time": 0.06586003303527832, "passed": false}, "5": {"execution_time": 0.05182695388793945, "passed": false}, "6": {"execution_time": 0.04291701316833496, "passed": false}, "7": {"execution_time": 0.05030512809753418, "passed": false}, "8": {"execution_time": 0.043427228927612305, "passed": false}, "9": {"execution_time": 0.04356670379638672, "passed": false}, "10": {"execution_time": 0.04228663444519043, "passed": false}, "11": {"execution_time": 0.10550928115844727, "passed": false}, "12": {"execution_time": 0.052973270416259766, "passed": false}, "13": {"execution_time": 0.055234432220458984, "passed": false}, "14": {"execution_time": 0.0597531795501709, "passed": false}, "15": {"execution_time": 0.06772565841674805, "passed": false}, "16": {"execution_time": 0.05761289596557617, "passed": false}, "17": {"execution_time": 0.09330868721008301, "passed": false}, "18": {"execution_time": 0.05662083625793457, "passed": false}, "19": {"execution_time": 0.04625511169433594, "passed": false}, "20": {"execution_time": 0.053665876388549805, "passed": false}, "21": {"execution_time": 0.07141780853271484, "passed": false}, "22": {"execution_time": 0.046094417572021484, "passed": false}, "23": {"execution_time": 0.0807182788848877, "passed": false}, "24": {"execution_time": 0.09725832939147949, "passed": false}}}, "pylint_score": "0/0"}